gene,ensembl_id,sfari_score,syndromic,CTRL_RG_detected_cells,CTRL_RG_detection_percentage,CTRL_IPC_detected_cells,CTRL_IPC_detection_percentage,CTRL_Young_dExN_detected_cells,CTRL_Young_dExN_detection_percentage
ABCE1,ENSG00000164163,1,0,717,59.256198347107436,207,45.29540481400438,685,51.97268588770865
ACTB,ENSG00000075624,1,1,1210,100.0,457,100.0,1318,100.0
ADNP,ENSG00000101126,1,1,1101,90.99173553719008,422,92.34135667396062,1207,91.57814871016691
ADSL,ENSG00000239900,1,1,550,45.45454545454545,189,41.35667396061269,495,37.55690440060698
AFF2,ENSG00000155966,1,0,463,38.264462809917354,281,61.48796498905908,989,75.03793626707132
AHDC1,ENSG00000126705,1,1,130,10.743801652892563,128,28.00875273522976,577,43.77845220030349
ALDH5A1,ENSG00000112294,1,1,134,11.074380165289256,13,2.8446389496717726,170,12.898330804248863
ANK2,ENSG00000145362,1,0,1089,90.0,391,85.55798687089715,1276,96.8133535660091
ANK3,ENSG00000151150,1,0,431,35.6198347107438,381,83.36980306345733,1312,99.54476479514416
ANKRD11,ENSG00000167522,1,1,1088,89.91735537190083,441,96.49890590809628,1253,95.06828528072838
ANP32A,ENSG00000140350,1,0,1112,91.90082644628099,436,95.40481400437636,1294,98.17905918057663
AP2S1,ENSG00000042753,1,0,888,73.38842975206612,323,70.67833698030634,1044,79.21092564491654
ARF3,ENSG00000134287,1,0,463,38.264462809917354,159,34.79212253829321,731,55.462822458270104
ARHGEF9,ENSG00000131089,1,1,720,59.50413223140496,299,65.42669584245077,1017,77.16236722306525
ARID1B,ENSG00000049618,1,1,1116,92.23140495867769,443,96.93654266958424,1279,97.04097116843703
ARX,ENSG00000004848,1,1,980,80.99173553719008,168,36.76148796498906,56,4.24886191198786
ASH1L,ENSG00000116539,1,0,1110,91.73553719008264,429,93.87308533916848,1250,94.84066767830045
ASTN1,ENSG00000152092,1,0,705,58.264462809917354,209,45.733041575492344,905,68.66464339908953
ASXL3,ENSG00000141431,1,1,321,26.52892561983471,251,54.923413566739605,1077,81.71471927162368
ATRX,ENSG00000085224,1,0,1174,97.02479338842976,450,98.46827133479212,1314,99.69650986342944
AUTS2,ENSG00000158321,1,0,1207,99.75206611570248,457,100.0,1318,100.0
BAZ2B,ENSG00000123636,1,0,1176,97.1900826446281,416,91.02844638949672,1113,84.44613050075873
BCKDK,ENSG00000103507,1,0,285,23.553719008264462,57,12.472647702407002,194,14.719271623672231
BCL11A,ENSG00000119866,1,1,1020,84.29752066115702,448,98.03063457330416,1312,99.54476479514416
BRAF,ENSG00000157764,1,1,1082,89.42148760330579,423,92.5601750547046,1238,93.93019726858877
BRSK2,ENSG00000174672,1,1,179,14.793388429752065,226,49.45295404814004,721,54.704097116843705
CACNA1A,ENSG00000141837,1,1,583,48.18181818181818,315,68.92778993435448,1164,88.31562974203338
CACNA1C,ENSG00000151067,1,1,369,30.49586776859504,202,44.201312910284464,838,63.58118361153262
CACNA1E,ENSG00000198216,1,0,196,16.198347107438018,119,26.039387308533918,1031,78.22458270106222
CACNA2D3,ENSG00000157445,1,0,34,2.809917355371901,10,2.1881838074398248,218,16.540212443095598
CAMK2A,ENSG00000070808,1,1,66,5.454545454545454,8,1.75054704595186,103,7.814871016691957
CAMTA2,ENSG00000108509,1,0,128,10.578512396694215,50,10.940919037199125,260,19.726858877086496
CAPRIN1,ENSG00000135387,1,0,1024,84.62809917355372,417,91.2472647702407,1199,90.9711684370258
CASK,ENSG00000147044,1,0,1060,87.60330578512396,418,91.46608315098469,1247,94.61305007587254
CASZ1,ENSG00000130940,1,0,183,15.12396694214876,65,14.223194748358862,75,5.690440060698028
CDKL5,ENSG00000008086,1,1,463,38.264462809917354,217,47.4835886214442,948,71.92716236722306
CELF4,ENSG00000101489,1,0,231,19.09090909090909,314,68.70897155361051,1169,88.69499241274659
CHAMP1,ENSG00000198824,1,1,452,37.35537190082645,136,29.759299781181618,422,32.01820940819423
CHD2,ENSG00000173575,1,1,1099,90.82644628099173,420,91.90371991247265,1168,88.61911987860394
CHD3,ENSG00000170004,1,1,555,45.86776859504132,339,74.17943107221006,1200,91.04704097116844
CHD7,ENSG00000171316,1,1,1051,86.85950413223141,445,97.3741794310722,1066,80.88012139605463
CHD8,ENSG00000100888,1,1,769,63.553719008264466,273,59.73741794310722,915,69.42336874051594
CIC,ENSG00000079432,1,0,305,25.206611570247933,94,20.568927789934353,424,32.16995447647952
CNOT3,ENSG00000088038,1,1,280,23.140495867768596,87,19.037199124726477,249,18.89226100151745
CORO1A,ENSG00000102879,1,0,46,3.8016528925619837,73,15.973741794310722,339,25.720789074355082
CPSF7,ENSG00000149532,1,0,562,46.446280991735534,158,34.57330415754923,522,39.60546282245827
CREBBP,ENSG00000005339,1,1,955,78.92561983471074,368,80.52516411378556,1027,77.92109256449166
CSDE1,ENSG00000009307,1,1,1132,93.55371900826447,438,95.84245076586433,1274,96.66160849772382
CSNK2A1,ENSG00000101266,1,1,1079,89.17355371900827,419,91.68490153172867,1208,91.65402124430956
CTCF,ENSG00000102974,1,1,807,66.69421487603306,305,66.73960612691467,937,71.09256449165402
CTNNB1,ENSG00000168036,1,0,1046,86.44628099173553,378,82.71334792122538,1102,83.61153262518968
CUL3,ENSG00000036257,1,0,1116,92.23140495867769,419,91.68490153172867,1185,89.90895295902884
DDX3X,ENSG00000215301,1,1,851,70.3305785123967,316,69.14660831509846,923,70.03034901365706
DEAF1,ENSG00000177030,1,1,614,50.743801652892564,183,40.0437636761488,721,54.704097116843705
DHCR7,ENSG00000172893,1,1,282,23.305785123966942,81,17.72428884026258,351,26.631259484066767
DIP2A,ENSG00000160305,1,0,534,44.13223140495868,215,47.04595185995623,673,51.062215477996965
DLG4,ENSG00000132535,1,0,161,13.305785123966942,110,24.070021881838073,728,55.235204855842184
DMPK,ENSG00000104936,1,1,253,20.90909090909091,60,13.12910284463895,246,18.66464339908953
DNMT3A,ENSG00000119772,1,1,628,51.900826446280995,210,45.951859956236326,703,53.338391502276174
DPYSL2,ENSG00000092964,1,0,1167,96.44628099173553,453,99.12472647702407,1305,99.01365705614568
DSCAM,ENSG00000171587,1,0,137,11.322314049586776,174,38.074398249452955,872,66.16084977238239
DYNC1H1,ENSG00000197102,1,0,1033,85.37190082644628,439,96.06126914660831,1278,96.96509863429439
DYRK1A,ENSG00000157540,1,1,1061,87.68595041322314,384,84.02625820568927,1110,84.2185128983308
EBF3,ENSG00000108001,1,1,8,0.6611570247933884,82,17.943107221006564,96,7.283763277693475
EHMT1,ENSG00000181090,1,1,1036,85.6198347107438,413,90.37199124726477,1159,87.93626707132019
EIF3G,ENSG00000130811,1,0,948,78.34710743801652,332,72.64770240700219,915,69.42336874051594
ELAVL3,ENSG00000196361,1,0,802,66.28099173553719,432,94.52954048140043,1286,97.57207890743551
EP300,ENSG00000100393,1,1,786,64.95867768595042,285,62.36323851203501,872,66.16084977238239
FMR1,ENSG00000102081,1,1,504,41.65289256198347,159,34.79212253829321,597,45.295902883156295
FOXG1,ENSG00000176165,1,1,1190,98.34710743801652,438,95.84245076586433,1297,98.40667678300456
FOXP1,ENSG00000114861,1,1,1189,98.26446280991736,339,74.17943107221006,979,74.27921092564492
FOXP2,ENSG00000128573,1,0,598,49.421487603305785,224,49.01531728665208,336,25.493171471927162
GABRB2,ENSG00000145864,1,0,453,37.43801652892562,52,11.37855579868709,508,38.54324734446131
GABRB3,ENSG00000166206,1,0,221,18.264462809917354,276,60.393873085339166,1157,87.78452200303491
GFAP,ENSG00000131095,1,0,55,4.545454545454546,0,0.0,2,0.15174506828528073
GIGYF1,ENSG00000146830,1,0,386,31.90082644628099,138,30.196936542669583,372,28.224582701062214
GIGYF2,ENSG00000204120,1,0,967,79.91735537190083,376,82.27571115973741,1067,80.95599393019727
GNAI1,ENSG00000127955,1,1,393,32.47933884297521,296,64.77024070021882,956,72.5341426403642
GRIA2,ENSG00000120251,1,0,269,22.231404958677686,212,46.38949671772429,1182,89.68133535660091
GRIN1,ENSG00000176884,1,0,0,0.0,4,0.87527352297593,67,5.0834597875569045
GRIN2A,ENSG00000183454,1,0,201,16.611570247933884,2,0.437636761487965,64,4.855842185128983
GRIN2B,ENSG00000273079,1,0,506,41.81818181818182,133,29.102844638949673,656,49.77238239757208
HDLBP,ENSG00000115677,1,0,851,70.3305785123967,249,54.48577680525164,807,61.229135053110774
HECTD4,ENSG00000173064,1,0,836,69.0909090909091,404,88.40262582056893,1269,96.28224582701063
HIVEP2,ENSG00000010818,1,1,89,7.355371900826446,16,3.50109409190372,303,22.98937784522003
HNRNPH2,ENSG00000126945,1,0,676,55.86776859504132,229,50.10940919037199,802,60.849772382397575
HNRNPU,ENSG00000153187,1,1,1166,96.36363636363636,446,97.59299781181619,1274,96.66160849772382
HRAS,ENSG00000174775,1,0,378,31.239669421487605,175,38.29321663019694,644,48.861911987860395
IQSEC2,ENSG00000124313,1,1,75,6.198347107438017,9,1.9693654266958425,171,12.974203338391503
IRF2BPL,ENSG00000119669,1,1,617,50.99173553719008,165,36.10503282275711,821,62.29135053110774
KANSL1,ENSG00000120071,1,1,1133,93.63636363636364,435,95.18599562363238,1240,94.08194233687405
KATNAL2,ENSG00000167216,1,0,122,10.082644628099173,21,4.595185995623632,134,10.166919575113809
KCNB1,ENSG00000158445,1,1,232,19.173553719008265,35,7.658643326039387,326,24.734446130500757
KCNQ2,ENSG00000075043,1,0,497,41.074380165289256,332,72.64770240700219,891,67.60242792109257
KCNQ3,ENSG00000184156,1,0,959,79.25619834710744,440,96.2800875273523,1294,98.17905918057663
KDM2B,ENSG00000089094,1,0,502,41.48760330578512,158,34.57330415754923,616,46.737481031866466
KDM3B,ENSG00000120733,1,1,755,62.396694214876035,246,53.82932166301969,791,60.01517450682853
KDM5B,ENSG00000117139,1,0,1118,92.39669421487604,450,98.46827133479212,1303,98.8619119878604
KDM5C,ENSG00000126012,1,0,304,25.123966942148762,127,27.789934354485776,428,32.47344461305008
KDM6B,ENSG00000132510,1,0,411,33.96694214876033,328,71.77242888402625,1059,80.34901365705615
KIAA0232,ENSG00000170871,1,0,976,80.66115702479338,389,85.12035010940919,1195,90.66767830045524
KLHL20,ENSG00000076321,1,0,677,55.950413223140494,225,49.23413566739606,795,60.31866464339909
KMT2A,ENSG00000118058,1,1,1033,85.37190082644628,403,88.18380743982495,1192,90.44006069802731
KMT2C,ENSG00000055609,1,1,1196,98.84297520661157,454,99.34354485776805,1292,98.02731411229135
KMT2E,ENSG00000005483,1,1,1143,94.46280991735537,440,96.2800875273523,1284,97.42033383915023
KMT5B,ENSG00000110066,1,0,1003,82.89256198347107,395,86.43326039387308,1174,89.07435508345979
LDB1,ENSG00000198728,1,0,273,22.56198347107438,183,40.0437636761488,511,38.770864946889226
LRRC4C,ENSG00000148948,1,0,420,34.710743801652896,33,7.2210065645514225,67,5.0834597875569045
LZTR1,ENSG00000099949,1,0,101,8.347107438016529,33,7.2210065645514225,159,12.063732928679817
MAGEC3,ENSG00000165509,1,0,17,1.4049586776859504,4,0.87527352297593,17,1.289833080424886
MAGEL2,ENSG00000254585,1,1,185,15.289256198347108,24,5.25164113785558,30,2.276176024279211
MAP1A,ENSG00000166963,1,0,240,19.834710743801654,214,46.82713347921226,669,50.758725341426405
MBD5,ENSG00000204406,1,1,1182,97.68595041322314,453,99.12472647702407,1296,98.33080424886191
MBOAT7,ENSG00000125505,1,1,378,31.239669421487605,87,19.037199124726477,325,24.658573596358117
MECP2,ENSG00000169057,1,1,706,58.34710743801653,256,56.01750547045952,801,60.773899848254935
MED13,ENSG00000108510,1,1,949,78.4297520661157,377,82.4945295404814,1027,77.92109256449166
MED13L,ENSG00000123066,1,1,1158,95.70247933884298,447,97.81181619256017,1291,97.9514415781487
MEF2C,ENSG00000081189,1,1,616,50.90909090909091,92,20.13129102844639,468,35.50834597875569
MEIS2,ENSG00000134138,1,1,1198,99.00826446280992,446,97.59299781181619,1287,97.64795144157814
MKX,ENSG00000150051,1,0,4,0.3305785123966942,0,0.0,4,0.30349013657056145
MSL3,ENSG00000005302,1,1,182,15.041322314049587,54,11.816192560175054,338,25.644916540212442
MTOR,ENSG00000198793,1,1,428,35.37190082644628,171,37.41794310722101,594,45.068285280728375
MYCBP2,ENSG00000005810,1,0,1051,86.85950413223141,393,85.99562363238512,1215,92.18512898330805
MYT1L,ENSG00000186487,1,0,317,26.198347107438018,324,70.89715536105032,1312,99.54476479514416
NAA15,ENSG00000164134,1,1,960,79.33884297520662,319,69.80306345733041,976,74.05159332321699
NACC1,ENSG00000160877,1,1,166,13.71900826446281,55,12.035010940919037,198,15.022761760242792
NBEA,ENSG00000172915,1,1,1082,89.42148760330579,436,95.40481400437636,1311,99.46889226100151
NCKAP1,ENSG00000061676,1,0,1032,85.2892561983471,351,76.80525164113786,1185,89.90895295902884
NCOA1,ENSG00000084676,1,0,1161,95.9504132231405,446,97.59299781181619,1263,95.82701062215477
NEXMIF,ENSG00000050030,1,0,879,72.64462809917356,246,53.82932166301969,824,62.51896813353566
NF1,ENSG00000196712,1,1,1157,95.6198347107438,439,96.06126914660831,1279,97.04097116843703
NIPBL,ENSG00000164190,1,1,1111,91.81818181818181,426,93.21663019693655,1228,93.17147192716237
NLGN2,ENSG00000169992,1,0,319,26.363636363636363,93,20.35010940919037,459,34.825493171471926
NLGN3,ENSG00000196338,1,0,206,17.024793388429753,28,6.12691466083151,270,20.485584218512898
NLGN4X,ENSG00000146938,1,0,871,71.98347107438016,279,61.050328227571114,835,63.3535660091047
NR3C2,ENSG00000151623,1,1,48,3.9669421487603307,1,0.2188183807439825,6,0.4552352048558422
NR4A2,ENSG00000153234,1,0,288,23.801652892561982,93,20.35010940919037,431,32.701062215478
NRXN1,ENSG00000179915,1,0,739,61.074380165289256,416,91.02844638949672,1318,100.0
NRXN2,ENSG00000110076,1,0,387,31.983471074380166,190,41.57549234135667,914,69.3474962063733
NRXN3,ENSG00000021645,1,0,1079,89.17355371900827,268,58.64332603938731,542,41.122913505311075
NSD1,ENSG00000165671,1,1,741,61.239669421487605,263,57.5492341356674,837,63.50531107738998
NUP155,ENSG00000113569,1,0,474,39.17355371900826,109,23.85120350109409,357,27.08649468892261
PACS1,ENSG00000175115,1,1,580,47.93388429752066,131,28.665207877461707,706,53.566009104704094
PAH,ENSG00000171759,1,0,15,1.2396694214876034,15,3.2822757111597376,6,0.4552352048558422
PAX5,ENSG00000196092,1,0,0,0.0,1,0.2188183807439825,0,0.0
PCCB,ENSG00000114054,1,1,603,49.83471074380165,174,38.074398249452955,614,46.585735963581186
PCDH19,ENSG00000165194,1,1,153,12.644628099173554,25,5.470459518599562,234,17.754172989377846
PHF12,ENSG00000109118,1,0,298,24.628099173553718,141,30.85339168490153,465,35.28072837632777
PHF2,ENSG00000197724,1,0,393,32.47933884297521,123,26.914660831509845,485,36.798179059180576
PHF21A,ENSG00000135365,1,1,969,80.08264462809917,363,79.43107221006565,1064,80.72837632776935
PHF3,ENSG00000118482,1,0,973,80.41322314049587,341,74.61706783369803,1062,80.57663125948406
PHIP,ENSG00000146247,1,1,1191,98.4297520661157,436,95.40481400437636,1220,92.56449165402124
POGZ,ENSG00000143442,1,1,1075,88.84297520661157,399,87.30853391684902,1185,89.90895295902884
POMGNT1,ENSG00000085998,1,1,278,22.975206611570247,83,18.161925601750546,304,23.06525037936267
PPP1R9B,ENSG00000108819,1,0,91,7.520661157024794,48,10.50328227571116,291,22.078907435508345
PPP2R5D,ENSG00000112640,1,1,210,17.355371900826448,72,15.75492341356674,320,24.279210925644918
PPP5C,ENSG00000011485,1,0,433,35.78512396694215,129,28.227571115973742,564,42.792109256449166
PRMT9,ENSG00000164169,1,0,324,26.776859504132233,91,19.91247264770241,317,24.051593323216995
PRR12,ENSG00000126464,1,1,420,34.710743801652896,119,26.039387308533918,552,41.88163884673748
PRR14L,ENSG00000183530,1,0,509,42.06611570247934,226,49.45295404814004,740,56.14567526555387
PSMD11,ENSG00000108671,1,0,892,73.71900826446281,294,64.33260393873086,914,69.3474962063733
PSMD12,ENSG00000197170,1,1,779,64.3801652892562,245,53.61050328227571,815,61.8361153262519
PSMD6,ENSG00000163636,1,0,667,55.12396694214876,242,52.95404814004377,799,60.62215477996965
PTCHD1,ENSG00000165186,1,0,29,2.396694214876033,2,0.437636761487965,5,0.37936267071320184
PTEN,ENSG00000171862,1,1,1087,89.83471074380165,384,84.02625820568927,1125,85.3566009104704
PTK7,ENSG00000112655,1,0,410,33.88429752066116,158,34.57330415754923,438,33.23216995447648
PTPN11,ENSG00000179295,1,1,589,48.67768595041322,231,50.54704595185996,836,63.42943854324734
RAI1,ENSG00000108557,1,1,235,19.421487603305785,191,41.794310722100654,575,43.62670713201821
RALGAPB,ENSG00000170471,1,0,548,45.289256198347104,193,42.23194748358862,652,49.468892261001514
RELN,ENSG00000189056,1,0,5,0.4132231404958678,27,5.908096280087527,460,34.901365705614566
RERE,ENSG00000142599,1,1,1203,99.42148760330579,456,99.78118161925602,1318,100.0
RFX3,ENSG00000080298,1,0,1141,94.29752066115702,426,93.21663019693655,1221,92.64036418816389
RIMS1,ENSG00000079841,1,0,430,35.53719008264463,58,12.691466083150985,492,37.32928679817906
RNU2-2,ENSG00000222328,1,1,0,0.0,0,0.0,0,0.0
RNU4-2,ENSG00000202538,1,1,0,0.0,0,0.0,0,0.0
RNU5B-1,ENSG00000200156,1,1,0,0.0,0,0.0,0,0.0
RORB,ENSG00000198963,1,1,381,31.487603305785125,193,42.23194748358862,560,42.48861911987861
RUNX1T1,ENSG00000079102,1,0,321,26.52892561983471,283,61.925601750547045,1194,90.59180576631259
SATB1,ENSG00000182568,1,1,275,22.727272727272727,122,26.695842450765863,335,25.417298937784523
SATB2,ENSG00000119042,1,1,211,17.43801652892562,64,14.00437636761488,338,25.644916540212442
SCN1A,ENSG00000144285,1,1,90,7.43801652892562,4,0.87527352297593,17,1.289833080424886
SCN2A,ENSG00000136531,1,0,14,1.1570247933884297,12,2.62582056892779,351,26.631259484066767
SCN8A,ENSG00000196876,1,0,270,22.31404958677686,190,41.57549234135667,826,62.67071320182094
SETBP1,ENSG00000152217,1,0,1192,98.51239669421487,456,99.78118161925602,1307,99.16540212443095
SETD1A,ENSG00000099381,1,1,196,16.198347107438018,73,15.973741794310722,240,18.20940819423369
SETD2,ENSG00000181555,1,0,991,81.90082644628099,364,79.64989059080963,1134,86.03945371775417
SETD5,ENSG00000168137,1,1,1127,93.14049586776859,433,94.74835886214441,1191,90.36418816388468
SF1,ENSG00000168066,1,0,1052,86.94214876033058,374,81.83807439824945,1046,79.36267071320182
SHANK2,ENSG00000162105,1,0,931,76.94214876033058,349,76.36761487964989,1110,84.2185128983308
SHANK3,ENSG00000251322,1,1,87,7.190082644628099,19,4.157549234135668,121,9.180576631259484
SIN3A,ENSG00000169375,1,1,443,36.611570247933884,124,27.133479212253828,439,33.30804248861912
SKI,ENSG00000157933,1,0,357,29.50413223140496,90,19.693654266958426,431,32.701062215478
SLC6A1,ENSG00000157103,1,1,335,27.68595041322314,16,3.50109409190372,39,2.959028831562974
SLC9A6,ENSG00000198689,1,1,205,16.94214876033058,68,14.879649890590809,395,29.969650986342945
SMARCA1,ENSG00000102038,1,0,811,67.02479338842976,223,48.796498905908095,605,45.90288315629742
SMARCA2,ENSG00000080503,1,1,509,42.06611570247934,48,10.50328227571116,536,40.667678300455236
SMARCA4,ENSG00000127616,1,0,997,82.39669421487604,418,91.46608315098469,1252,94.99241274658574
SMARCC2,ENSG00000139613,1,1,557,46.03305785123967,212,46.38949671772429,698,52.959028831562975
SON,ENSG00000159140,1,1,1202,99.33884297520662,453,99.12472647702407,1307,99.16540212443095
SOS2,ENSG00000100485,1,0,703,58.099173553719005,272,59.518599562363235,792,60.09104704097117
SOX5,ENSG00000134532,1,1,1204,99.50413223140495,455,99.56236323851203,1317,99.92412746585735
SPAST,ENSG00000021574,1,0,536,44.29752066115702,281,61.48796498905908,990,75.11380880121396
SRCAP,ENSG00000080603,1,0,389,32.14876033057851,120,26.2582056892779,409,31.03186646433991
SRPRA,ENSG00000182934,1,0,264,21.818181818181817,96,21.00656455142232,245,18.588770864946888
STXBP1,ENSG00000136854,1,1,381,31.487603305785125,371,81.18161925601751,1207,91.57814871016691
SYN1,ENSG00000008056,1,0,2,0.1652892561983471,33,7.2210065645514225,345,26.176024279210925
SYNGAP1,ENSG00000197283,1,1,313,25.867768595041323,138,30.196936542669583,627,47.57207890743551
TANC2,ENSG00000170921,1,1,1044,86.28099173553719,372,81.40043763676148,1266,96.0546282245827
TAOK1,ENSG00000160551,1,1,1012,83.63636363636364,411,89.93435448577681,1206,91.50227617602428
TBCEL,ENSG00000154114,1,0,463,38.264462809917354,172,37.63676148796499,590,44.764795144157816
TBCK,ENSG00000145348,1,1,902,74.54545454545455,352,77.02407002188184,1020,77.38998482549317
TBL1XR1,ENSG00000177565,1,0,1134,93.71900826446281,422,92.34135667396062,1210,91.80576631259484
TBR1,ENSG00000136535,1,0,63,5.206611570247934,220,48.14004376367615,1082,82.09408194233687
TCF20,ENSG00000100207,1,1,549,45.37190082644628,260,56.89277899343545,948,71.92716236722306
TCF4,ENSG00000196628,1,1,1210,100.0,457,100.0,1318,100.0
TCF7L2,ENSG00000148737,1,0,922,76.19834710743801,131,28.665207877461707,256,19.423368740515933
TEK,ENSG00000120156,1,0,54,4.462809917355372,4,0.87527352297593,12,0.9104704097116844
TLE3,ENSG00000140332,1,0,344,28.429752066115704,146,31.947483588621445,407,30.88012139605463
TLK2,ENSG00000146872,1,1,804,66.44628099173553,324,70.89715536105032,880,66.76783004552352
TM9SF4,ENSG00000101337,1,0,620,51.239669421487605,189,41.35667396061269,567,43.019726858877085
TRAF7,ENSG00000131653,1,1,266,21.983471074380166,86,18.818380743982495,351,26.631259484066767
TRIM23,ENSG00000113595,1,0,378,31.239669421487605,124,27.133479212253828,527,39.98482549317147
TRIO,ENSG00000038382,1,0,1140,94.21487603305785,448,98.03063457330416,1297,98.40667678300456
TRIP12,ENSG00000153827,1,1,862,71.2396694214876,353,77.24288840262582,1018,77.2382397572079
TRRAP,ENSG00000196367,1,1,724,59.83471074380165,235,51.42231947483589,824,62.51896813353566
TSC1,ENSG00000165699,1,1,333,27.520661157024794,114,24.945295404814004,370,28.072837632776935
TSC2,ENSG00000103197,1,1,315,26.03305785123967,110,24.070021881838073,411,31.18361153262519
TSHZ1,ENSG00000179981,1,0,428,35.37190082644628,135,29.54048140043764,167,12.670713201820941
TSHZ3,ENSG00000121297,1,0,276,22.8099173553719,99,21.663019693654267,372,28.224582701062214
UBAP2L,ENSG00000143569,1,0,631,52.14876033057851,232,50.76586433260394,716,54.3247344461305
UBE3A,ENSG00000114062,1,1,1116,92.23140495867769,417,91.2472647702407,1240,94.08194233687405
UBR1,ENSG00000159459,1,0,803,66.36363636363636,300,65.64551422319475,886,67.22306525037936
UPF3B,ENSG00000125351,1,1,748,61.81818181818182,300,65.64551422319475,920,69.80273141122913
USP9X,ENSG00000124486,1,1,868,71.73553719008264,354,77.4617067833698,1046,79.36267071320182
VEZF1,ENSG00000136451,1,0,757,62.56198347107438,297,64.9890590809628,749,56.828528072837635
VPS13B,ENSG00000132549,1,1,1070,88.4297520661157,406,88.8402625820569,1135,86.11532625189682
WAC,ENSG00000095787,1,1,1126,93.05785123966942,430,94.09190371991247,1194,90.59180576631259
WDFY3,ENSG00000163625,1,0,1108,91.5702479338843,413,90.37199124726477,1260,95.59939301972686
YY1,ENSG00000100811,1,1,979,80.9090909090909,361,78.99343544857769,1102,83.61153262518968
ZBTB20,ENSG00000181722,1,1,1174,97.02479338842976,415,90.80962800875274,858,65.09863429438543
ZBTB21,ENSG00000173276,1,0,247,20.41322314049587,107,23.41356673960613,337,25.569044006069802
ZMYND8,ENSG00000101040,1,1,797,65.86776859504133,314,68.70897155361051,1037,78.67981790591806
ZNF292,ENSG00000188994,1,1,1194,98.67768595041322,457,100.0,1313,99.6206373292868
ZNF462,ENSG00000148143,1,1,1177,97.27272727272727,452,98.90590809628009,1298,98.48254931714719
ZNF865,ENSG00000261221,1,0,125,10.330578512396695,30,6.564551422319475,118,8.952959028831563
