gene,ensembl_id,panel,sfari_score,syndromic,CTRL_RG_detected_cells,CTRL_RG_detection_percentage,CTRL_IPC_detected_cells,CTRL_IPC_detection_percentage,CTRL_Young_dExN_detected_cells,CTRL_Young_dExN_detection_percentage
KMT2C,ENSG00000055609,ASD,1,1,1196,98.84297520661156,454,99.34354485776804,1292,98.02731411229136
ZNF292,ENSG00000188994,ASD,1,1,1194,98.67768595041322,457,100.0,1313,99.6206373292868
SETBP1,ENSG00000152217,ASD,1,0,1192,98.51239669421489,456,99.78118161925602,1307,99.16540212443095
FOXP1,ENSG00000114861,ASD,1,1,1189,98.26446280991736,339,74.17943107221006,979,74.27921092564492
MBD5,ENSG00000204406,ASD,1,1,1182,97.68595041322314,453,99.12472647702408,1296,98.33080424886192
ATRX,ENSG00000085224,ASD,1,0,1174,97.02479338842976,450,98.46827133479212,1314,99.69650986342944
DPYSL2,ENSG00000092964,ASD,1,0,1167,96.44628099173552,453,99.12472647702408,1305,99.01365705614568
HNRNPU,ENSG00000153187,ASD,1,1,1166,96.36363636363636,446,97.5929978118162,1274,96.66160849772382
NCOA1,ENSG00000084676,ASD,1,0,1161,95.9504132231405,446,97.5929978118162,1263,95.82701062215476
NF1,ENSG00000196712,ASD,1,1,1157,95.6198347107438,439,96.06126914660832,1279,97.04097116843704
TBL1XR1,ENSG00000177565,ASD,1,0,1134,93.7190082644628,422,92.34135667396062,1210,91.80576631259484
WAC,ENSG00000095787,ASD,1,1,1126,93.05785123966942,430,94.09190371991248,1194,90.5918057663126
KDM5B,ENSG00000117139,ASD,1,0,1118,92.39669421487604,450,98.46827133479212,1303,98.8619119878604
ANP32A,ENSG00000140350,ASD,1,0,1112,91.900826446281,436,95.40481400437636,1294,98.17905918057664
NIPBL,ENSG00000164190,ASD,1,1,1111,91.8181818181818,426,93.21663019693656,1228,93.17147192716236
ASH1L,ENSG00000116539,ASD,1,0,1110,91.73553719008264,429,93.87308533916848,1250,94.84066767830043
ANKRD11,ENSG00000167522,ASD,1,1,1088,89.91735537190083,441,96.49890590809628,1253,95.06828528072838
PTEN,ENSG00000171862,ASD,1,1,1087,89.83471074380165,384,84.02625820568927,1125,85.3566009104704
NBEA,ENSG00000172915,ASD,1,1,1082,89.42148760330579,436,95.40481400437636,1311,99.46889226100151
CSNK2A1,ENSG00000101266,ASD,1,1,1079,89.17355371900827,419,91.68490153172868,1208,91.65402124430956
NRXN3,ENSG00000021645,ASD,1,0,1079,89.17355371900827,268,58.64332603938731,542,41.12291350531108
POGZ,ENSG00000143442,ASD,1,1,1075,88.84297520661157,399,87.30853391684902,1185,89.90895295902884
DYRK1A,ENSG00000157540,ASD,1,1,1061,87.68595041322314,384,84.02625820568927,1110,84.2185128983308
CASK,ENSG00000147044,ASD,1,0,1060,87.60330578512396,418,91.46608315098467,1247,94.61305007587254
MYCBP2,ENSG00000005810,ASD,1,0,1051,86.85950413223141,393,85.99562363238512,1215,92.18512898330803
CTNNB1,ENSG00000168036,ASD,1,0,1046,86.44628099173553,378,82.71334792122538,1102,83.61153262518968
BCL11A,ENSG00000119866,ASD,1,1,1020,84.29752066115702,448,98.03063457330416,1312,99.54476479514416
TAOK1,ENSG00000160551,ASD,1,1,1012,83.63636363636364,411,89.93435448577681,1206,91.50227617602428
KMT5B,ENSG00000110066,ASD,1,0,1003,82.89256198347107,395,86.43326039387308,1174,89.07435508345979
SMARCA4,ENSG00000127616,ASD,1,0,997,82.39669421487604,418,91.46608315098467,1252,94.99241274658574
ARX,ENSG00000004848,ASD,1,1,980,80.99173553719008,168,36.76148796498906,56,4.24886191198786
YY1,ENSG00000100811,ASD,1,1,979,80.9090909090909,361,78.99343544857769,1102,83.61153262518968
GIGYF2,ENSG00000204120,ASD,1,0,967,79.91735537190083,376,82.27571115973741,1067,80.95599393019727
KCNQ3,ENSG00000184156,ASD,1,0,959,79.25619834710744,440,96.2800875273523,1294,98.17905918057664
CREBBP,ENSG00000005339,ASD,1,1,955,78.92561983471074,368,80.52516411378556,1027,77.92109256449166
SHANK2,ENSG00000162105,ASD,1,0,931,76.94214876033058,349,76.36761487964989,1110,84.2185128983308
TBCK,ENSG00000145348,ASD,1,1,902,74.54545454545455,352,77.02407002188184,1020,77.38998482549317
NEXMIF,ENSG00000050030,ASD,1,0,879,72.64462809917356,246,53.82932166301969,824,62.51896813353566
NLGN4X,ENSG00000146938,ASD,1,0,871,71.98347107438016,279,61.05032822757112,835,63.3535660091047
DDX3X,ENSG00000215301,ASD,1,1,851,70.3305785123967,316,69.14660831509846,923,70.03034901365706
HECTD4,ENSG00000173064,ASD,1,0,836,69.0909090909091,404,88.40262582056893,1269,96.28224582701064
SMARCA1,ENSG00000102038,ASD,1,0,811,67.02479338842976,223,48.796498905908095,605,45.90288315629742
ELAVL3,ENSG00000196361,ASD,1,0,802,66.28099173553719,432,94.52954048140045,1286,97.57207890743553
VEZF1,ENSG00000136451,ASD,1,0,757,62.56198347107438,297,64.9890590809628,749,56.82852807283764
UPF3B,ENSG00000125351,ASD,1,1,748,61.81818181818182,300,65.64551422319475,920,69.80273141122913
NSD1,ENSG00000165671,ASD,1,1,741,61.239669421487605,263,57.5492341356674,837,63.50531107738998
ABCE1,ENSG00000164163,ASD,1,0,717,59.25619834710744,207,45.29540481400438,685,51.97268588770865
ASTN1,ENSG00000152092,ASD,1,0,705,58.26446280991736,209,45.73304157549234,905,68.66464339908953
DNMT3A,ENSG00000119772,ASD,1,1,628,51.900826446281,210,45.951859956236326,703,53.338391502276174
IRF2BPL,ENSG00000119669,ASD,1,1,617,50.99173553719008,165,36.10503282275711,821,62.29135053110774
PKM,ENSG00000067225,non_ASD,,,1196,98.84297520661156,427,93.43544857768052,1184,89.83308042488619
KAZN,ENSG00000189337,non_ASD,,,1194,98.67768595041322,396,86.65207877461707,1260,95.59939301972686
YWHAQ,ENSG00000134308,non_ASD,,,1192,98.51239669421489,455,99.56236323851203,1316,99.84825493171472
COX7A2,ENSG00000112695,non_ASD,,,1189,98.26446280991736,456,99.78118161925602,1316,99.84825493171472
SNRPE,ENSG00000182004,non_ASD,,,1182,97.68595041322314,444,97.15536105032822,1275,96.73748103186648
PARK7,ENSG00000116288,non_ASD,,,1174,97.02479338842976,446,97.5929978118162,1279,97.04097116843704
SEC61G,ENSG00000132432,non_ASD,,,1167,96.44628099173552,446,97.5929978118162,1285,97.49620637329286
SRP9,ENSG00000143742,non_ASD,,,1166,96.36363636363636,440,96.2800875273523,1292,98.02731411229136
SRSF10,ENSG00000188529,non_ASD,,,1161,95.9504132231405,434,94.9671772428884,1213,92.03338391502275
SMYD3,ENSG00000185420,non_ASD,,,1157,95.6198347107438,423,92.5601750547046,1274,96.66160849772383
ABI2,ENSG00000138443,non_ASD,,,1134,93.7190082644628,400,87.527352297593,1227,93.09559939301973
SRSF4,ENSG00000116350,non_ASD,,,1126,93.05785123966942,406,88.8402625820569,1155,87.63277693474963
SNRPG,ENSG00000143977,non_ASD,,,1118,92.39669421487604,401,87.74617067833698,1157,87.78452200303491
UQCRQ,ENSG00000164405,non_ASD,,,1113,91.98347107438016,431,94.31072210065643,1274,96.66160849772383
LSM7,ENSG00000130332,non_ASD,,,1111,91.81818181818184,420,91.90371991247264,1184,89.83308042488619
BRK1,ENSG00000254999,non_ASD,,,1109,91.65289256198346,423,92.5601750547046,1238,93.93019726858876
CAMLG,ENSG00000164615,non_ASD,,,1088,89.91735537190083,392,85.77680525164114,1159,87.93626707132019
BBX,ENSG00000114439,non_ASD,,,1087,89.83471074380165,413,90.37199124726476,926,70.25796661608497
DDX24,ENSG00000089737,non_ASD,,,1082,89.42148760330578,436,95.40481400437638,1281,97.1927162367223
ANKHD1,ENSG00000131503,non_ASD,,,1079,89.17355371900827,370,80.96280087527352,976,74.05159332321699
RBBP4,ENSG00000162521,non_ASD,,,1080,89.25619834710744,402,87.96498905908096,1177,89.3019726858877
COX8A,ENSG00000176340,non_ASD,,,1075,88.84297520661157,404,88.40262582056893,1230,93.32321699544764
TCF7L1,ENSG00000152284,non_ASD,,,1061,87.68595041322314,126,27.5711159737418,132,10.015174506828528
PTN,ENSG00000105894,non_ASD,,,1060,87.60330578512396,203,44.42013129102845,475,36.03945371775417
VEZT,ENSG00000028203,non_ASD,,,1051,86.85950413223141,434,94.9671772428884,1262,95.75113808801214
PHACTR4,ENSG00000204138,non_ASD,,,1046,86.44628099173553,416,91.02844638949672,1160,88.01213960546282
RAB7A,ENSG00000075785,non_ASD,,,1020,84.29752066115702,376,82.27571115973743,1127,85.5083459787557
RAB1A,ENSG00000138069,non_ASD,,,1012,83.63636363636363,393,85.99562363238512,1176,89.22610015174507
LARS1,ENSG00000133706,non_ASD,,,1003,82.89256198347107,311,68.05251641137856,993,75.34142640364189
CAPZB,ENSG00000077549,non_ASD,,,997,82.39669421487604,367,80.30634573304157,1123,85.20485584218514
MTF2,ENSG00000143033,non_ASD,,,980,80.99173553719008,400,87.527352297593,1190,90.28831562974204
ASB3,ENSG00000115239,non_ASD,,,979,80.9090909090909,333,72.86652078774617,1058,80.2731411229135
DGUOK,ENSG00000114956,non_ASD,,,967,79.91735537190083,355,77.68052516411379,1091,82.77693474962064
PFN2,ENSG00000070087,non_ASD,,,959,79.25619834710744,333,72.86652078774617,954,72.3823975720789
ZCCHC17,ENSG00000121766,non_ASD,,,956,79.00826446280992,277,60.61269146608315,1016,77.08649468892261
ZNF721,ENSG00000182903,non_ASD,,,931,76.94214876033058,310,67.83369803063457,941,71.39605462822458
ETNK1,ENSG00000139163,non_ASD,,,902,74.54545454545455,308,67.39606126914661,952,72.23065250379362
PPP4R2,ENSG00000163605,non_ASD,,,879,72.64462809917356,321,70.24070021881839,921,69.87860394537178
YAF2,ENSG00000015153,non_ASD,,,871,71.98347107438016,328,71.77242888402627,913,69.27162367223065
MARCHF1,ENSG00000145416,non_ASD,,,851,70.33057851239668,370,80.96280087527352,1165,88.39150227617603
PDGFC,ENSG00000145431,non_ASD,,,836,69.0909090909091,163,35.667396061269145,1059,80.34901365705615
MIER1,ENSG00000198160,non_ASD,,,811,67.02479338842974,223,48.796498905908095,768,58.2701062215478
NIFK,ENSG00000155438,non_ASD,,,802,66.28099173553719,246,53.82932166301969,773,58.649468892261005
KLHL24,ENSG00000114796,non_ASD,,,757,62.56198347107438,400,87.527352297593,1164,88.31562974203338
USP1,ENSG00000162607,non_ASD,,,748,61.81818181818181,222,48.57768052516411,615,46.66160849772382
MAP3K2,ENSG00000169967,non_ASD,,,741,61.239669421487605,271,59.29978118161926,883,66.99544764795145
UBE4B,ENSG00000130939,non_ASD,,,717,59.25619834710744,285,62.36323851203501,870,66.00910470409713
DMRTA2,ENSG00000142700,non_ASD,,,705,58.26446280991735,253,55.36105032822757,294,22.306525037936268
ATF6,ENSG00000118217,non_ASD,,,628,51.90082644628099,231,50.54704595185996,691,52.42792109256449
KIAA0319L,ENSG00000142687,non_ASD,,,617,50.99173553719009,202,44.201312910284464,627,47.57207890743551
