gene,panel,syndromic,RG_shift,IPC_shift,direction_pattern,absolute_difference
KMT2C,ASD,1.0,-1.3203913224611248e-05,2.3018587664299204e-05,opposite_direction,3.6222500888910454e-05
ZNF292,ASD,1.0,-3.274379692641385e-06,-1.0649635367197534e-05,consistent_away,7.3752556745561486e-06
SETBP1,ASD,0.0,4.699812314220678e-05,7.26810647445975e-05,consistent_towards,2.5682941602390726e-05
FOXP1,ASD,1.0,-9.34378499725542e-05,-3.852995719698912e-05,consistent_away,5.4907892775565086e-05
MBD5,ASD,1.0,2.7094426015430915e-05,-1.9548677959325123e-05,opposite_direction,4.664310397475604e-05
ATRX,ASD,0.0,-5.404297695603482e-05,-2.302903958293788e-05,consistent_away,3.101393737309694e-05
DPYSL2,ASD,0.0,-4.576894895385212e-05,-6.147758606223949e-05,consistent_away,1.5708637108387368e-05
HNRNPU,ASD,1.0,-1.1766734330550484e-05,7.128053241305881e-06,opposite_direction,1.8894787571856366e-05
NCOA1,ASD,0.0,-2.465645472208659e-06,-2.369799288401163e-05,consistent_away,2.1232347411802972e-05
NF1,ASD,1.0,2.1613097879204536e-05,-2.108273967619865e-05,opposite_direction,4.269583755540319e-05
TBL1XR1,ASD,0.0,-1.67634543471449e-05,-3.960577409658859e-05,consistent_away,2.284231974944369e-05
WAC,ASD,1.0,-8.890795153240824e-07,-3.545584079034314e-06,consistent_away,2.6565045637102317e-06
KDM5B,ASD,0.0,-1.9014319952796488e-06,6.704504896954792e-06,opposite_direction,8.60593689223444e-06
ANP32A,ASD,0.0,-3.058084641224386e-05,-5.3322478516461095e-06,consistent_away,2.5248598560597747e-05
NIPBL,ASD,1.0,5.842005456244195e-06,-3.119017750310441e-05,opposite_direction,3.7032182959348606e-05
ASH1L,ASD,0.0,2.163915766814761e-05,-3.1401713689168297e-05,opposite_direction,5.3040871357315905e-05
ANKRD11,ASD,1.0,-1.352373758951823e-05,-3.270463480782316e-05,consistent_away,1.918089721830493e-05
PTEN,ASD,1.0,-3.649932997567313e-05,-2.714427131595033e-05,consistent_away,9.355058659722802e-06
NBEA,ASD,1.0,0.0001173355640509,-1.7404556274414062e-05,opposite_direction,0.00013474012032531406
CSNK2A1,ASD,1.0,3.1891759935316148e-06,-1.4401229358466604e-05,opposite_direction,1.759040535199822e-05
NRXN3,ASD,0.0,-0.000239605950837,0.0001797080039978,opposite_direction,0.00041931395483480003
POGZ,ASD,1.0,-3.536892357376704e-06,8.405396764762556e-06,opposite_direction,1.194228912213926e-05
DYRK1A,ASD,1.0,3.277338468111478e-05,2.0091126604778013e-06,consistent_towards,3.076427202063698e-05
CASK,ASD,0.0,-8.999373662332616e-06,1.26728399552126e-05,opposite_direction,2.1672213617545214e-05
MYCBP2,ASD,0.0,-1.427384137671434e-05,-1.7725686144723765e-05,consistent_away,3.4518447680094253e-06
CTNNB1,ASD,0.0,-2.8005444017568027e-05,2.5528133230865315e-05,opposite_direction,5.353357724843334e-05
BCL11A,ASD,1.0,-0.0001158430599249,-9.3818759638543e-06,consistent_away,0.00010646118396104569
TAOK1,ASD,1.0,1.10798730300023e-05,-5.854620282345406e-05,opposite_direction,6.962607585345636e-05
KMT5B,ASD,0.0,1.869250459280628e-05,-2.426694529925206e-06,opposite_direction,2.1119199122731486e-05
SMARCA4,ASD,0.0,-4.655589877998568e-05,-4.631916452897042e-05,consistent_away,2.3673425101526315e-07
ARX,ASD,1.0,-2.018050398937492e-05,-0.0001838353215431,consistent_away,0.00016365481755372508
YY1,ASD,1.0,-7.279589240799277e-06,-3.652964065324015e-05,consistent_away,2.9250051412440873e-05
GIGYF2,ASD,0.0,2.158375886770396e-05,9.062911282066538e-06,consistent_towards,1.2520847585637422e-05
KCNQ3,ASD,0.0,-2.407637711997344e-05,6.164814911636652e-05,opposite_direction,8.572452623633995e-05
CREBBP,ASD,1.0,4.216896860223068e-05,-5.184813133348221e-05,opposite_direction,9.40170999357129e-05
SHANK2,ASD,0.0,8.007435672051084e-05,8.383263712343962e-05,consistent_towards,3.7582804029287817e-06
TBCK,ASD,1.0,3.0204733425283177e-05,-3.4281628669341864e-05,opposite_direction,6.448636209462504e-05
NEXMIF,ASD,0.0,-4.289260617008916e-05,0.0001014838827417,opposite_direction,0.00014437648891178916
NLGN4X,ASD,0.0,0.0001086925989703,-2.093985676765442e-05,opposite_direction,0.00012963245573795442
DDX3X,ASD,1.0,2.515973518792388e-05,-3.722779036778484e-05,opposite_direction,6.238752555570872e-05
HECTD4,ASD,0.0,0.0001748032765845,2.4473282598680064e-05,consistent_towards,0.00015032999398581994
SMARCA1,ASD,0.0,1.2335628693232116e-05,-0.0001147731145222,opposite_direction,0.0001271087432154321
ELAVL3,ASD,0.0,-0.0001557090065696,8.173220980483874e-06,opposite_direction,0.00016388222755008388
VEZF1,ASD,0.0,-1.6088372674481623e-05,2.9238370748666617e-05,opposite_direction,4.532674342314824e-05
UPF3B,ASD,1.0,-4.9806685529203496e-05,-5.190228132923623e-05,consistent_away,2.095595800032736e-06
NSD1,ASD,1.0,1.7838493274275665e-05,-0.0001287503208187,opposite_direction,0.00014658881409297566
ABCE1,ASD,0.0,-2.693418246596607e-05,-0.000104217727979,consistent_away,7.728354551303394e-05
ASTN1,ASD,0.0,0.0001103894130603,-0.0002955868840217,opposite_direction,0.000405976297082
DNMT3A,ASD,1.0,2.7944015551217e-05,-3.749253798504265e-05,opposite_direction,6.543655353625965e-05
IRF2BPL,ASD,1.0,9.828100078984311e-06,-4.793054018265162e-05,opposite_direction,5.775864026163593e-05
PKM,non_ASD,,-7.300720126267188e-05,-5.875472669248228e-05,consistent_away,1.4252474570189602e-05
KAZN,non_ASD,,-4.167558839512204e-05,-0.0001224222637358,consistent_away,8.074667534067797e-05
YWHAQ,non_ASD,,-5.34188553847465e-05,-6.671893403932074e-05,consistent_away,1.3300078654574232e-05
COX7A2,non_ASD,,-7.517775710748166e-05,-7.915059222450739e-05,consistent_away,3.972835117025726e-06
SNRPE,non_ASD,,-3.402775094657377e-05,-6.464621748785125e-05,consistent_away,3.061846654127748e-05
PARK7,non_ASD,,-6.835102118985189e-06,-8.999137483404938e-05,consistent_away,8.315627271506418e-05
SEC61G,non_ASD,,-8.19948105171221e-05,-7.28060349063004e-05,consistent_away,9.188775610821697e-06
SRP9,non_ASD,,-6.450585494930802e-05,-8.020251989364624e-05,consistent_away,1.569666494433822e-05
SRSF10,non_ASD,,-4.697974279779321e-05,-4.183312309006176e-05,consistent_away,5.146619707731448e-06
SMYD3,non_ASD,,-3.4200517754805715e-05,-1.0465290032181086e-05,consistent_away,2.3735227722624627e-05
ABI2,non_ASD,,8.71975619093816e-06,-6.092919243706598e-06,opposite_direction,1.4812675434644758e-05
SRSF4,non_ASD,,-2.4537181134105628e-05,8.784562536755448e-06,opposite_direction,3.332174367086107e-05
SNRPG,non_ASD,,-7.23736803925394e-05,-0.0001408685930073,consistent_away,6.84949126147606e-05
UQCRQ,non_ASD,,-6.0807455225321776e-05,-4.2985560316028014e-05,consistent_away,1.782189490929376e-05
LSM7,non_ASD,,-6.403648162446687e-05,-8.180562187643612e-05,consistent_away,1.7769140251969258e-05
BRK1,non_ASD,,-5.510265444531853e-05,-4.501757046855088e-05,consistent_away,1.0085083976767647e-05
CAMLG,non_ASD,,-1.119331280756656e-05,-8.831902982431873e-05,consistent_away,7.712571701675217e-05
BBX,non_ASD,,-3.218143692105522e-05,-4.426884440194189e-05,consistent_away,1.2087407480886674e-05
DDX24,non_ASD,,-4.068778190777931e-05,-5.5206298828125e-05,consistent_away,1.4518516920345686e-05
ANKHD1,non_ASD,,2.275151657123192e-05,4.5938534779591605e-06,consistent_towards,1.8157663093272757e-05
RBBP4,non_ASD,,-5.483496159970906e-05,-5.450835119944946e-06,consistent_away,4.938412647976411e-05
COX8A,non_ASD,,-9.180159550013504e-05,-0.0001074797094124,consistent_away,1.5678113912264964e-05
TCF7L1,non_ASD,,3.903218091746824e-05,4.181021549662606e-05,consistent_towards,2.7780345791578214e-06
PTN,non_ASD,,0.0001509041621767,-4.002253214518229e-05,opposite_direction,0.0001909266943218823
VEZT,non_ASD,,5.922297746437031e-05,1.3426248578057774e-05,consistent_towards,4.579672888631254e-05
PHACTR4,non_ASD,,-5.2516524856154986e-06,-3.850768352377004e-05,consistent_away,3.325603103815454e-05
RAB7A,non_ASD,,-8.414127509291328e-06,-6.038310198948301e-06,consistent_away,2.375817310343027e-06
RAB1A,non_ASD,,5.476908068760755e-05,-3.96552478968029e-05,opposite_direction,9.442432858441046e-05
LARS1,non_ASD,,-8.188688558619587e-05,-5.546269508508536e-05,consistent_away,2.642419050111051e-05
CAPZB,non_ASD,,-1.874055721291024e-05,-8.24069572707354e-05,consistent_away,6.366640005782516e-05
MTF2,non_ASD,,2.5324949913153343e-06,-9.549657503763836e-05,opposite_direction,9.80290700289537e-05
ASB3,non_ASD,,8.347258786925601e-08,-2.198378870806356e-05,opposite_direction,2.2067261295932815e-05
DGUOK,non_ASD,,-3.922363782577284e-05,-6.390953459680328e-05,consistent_away,2.468589677103044e-05
PFN2,non_ASD,,-2.7226929617400216e-05,-7.614208028671589e-05,consistent_away,4.8915150669315676e-05
ZCCHC17,non_ASD,,-7.10734827765103e-05,-9.470068393869604e-05,consistent_away,2.362720116218574e-05
ZNF721,non_ASD,,2.395588418711787e-06,-3.517653260912214e-05,opposite_direction,3.7572121027833926e-05
ETNK1,non_ASD,,1.6386761809840349e-06,-4.3701360569918216e-05,opposite_direction,4.534003675090225e-05
PPP4R2,non_ASD,,-9.062448866131364e-06,-3.643873997650813e-05,consistent_away,2.737629111037676e-05
YAF2,non_ASD,,-2.09808349609375e-05,-1.7526438417990647e-05,consistent_away,3.454396542946853e-06
MARCHF1,non_ASD,,8.693875336065524e-05,-3.309885080713425e-05,opposite_direction,0.0001200376041677895
PDGFC,non_ASD,,2.2683985471082822e-05,5.956490834554037e-05,consistent_towards,3.6880922874457544e-05
MIER1,non_ASD,,-4.958853065243617e-05,7.683343260827725e-06,opposite_direction,5.72718739132639e-05
NIFK,non_ASD,,-4.503537561291846e-05,-1.8250031076419124e-05,consistent_away,2.6785344536499335e-05
KLHL24,non_ASD,,8.00827644049485e-05,2.8458647072886505e-05,consistent_towards,5.1624117332062e-05
USP1,non_ASD,,1.2596608167682856e-05,2.6943459027055383e-05,consistent_towards,1.4346850859372526e-05
MAP3K2,non_ASD,,4.8185096067540784e-05,-9.941265863530776e-06,opposite_direction,5.812636193107156e-05
UBE4B,non_ASD,,0.0001138592103742,-7.27944767352232e-05,opposite_direction,0.0001866536871094232
DMRTA2,non_ASD,,4.320561069331757e-05,-9.059700472601527e-05,opposite_direction,0.00013380261541933285
ATF6,non_ASD,,9.250839551289875e-06,-8.642532694058155e-05,opposite_direction,9.567616649187143e-05
KIAA0319L,non_ASD,,8.480627127368041e-05,3.363743220290093e-05,consistent_towards,5.1168839070779486e-05
